<?xml version="1.0"?>
<Runs Version="1" Minor="0">
	<Run Id="synth_1" LaunchDir="C:/Users/34684/Documents/UNIVERSIDAD/3 ao UNI/Practica Fiables/project_5-AlejandroMolero-RaulGarcia/project_5-AlejandroMolero-RaulGarcia.runs/synth_1" FlowId="Vivado_Synthesis" FromStepId="vivado" ToStepId="vivado"/>
	<Run Id="impl_1" LaunchDir="C:/Users/34684/Documents/UNIVERSIDAD/3 ao UNI/Practica Fiables/project_5-AlejandroMolero-RaulGarcia/project_5-AlejandroMolero-RaulGarcia.runs/impl_1" FlowId="Vivado_Advanced_Implementation" FromStepId="init_design" ToStepId="route_design">
		<Parent Id="synth_1"/>
	</Run>
	<Parameters>
		<Parameter Name="runs.monitorLSFJobs" Val="true" Type="bool"/>
		<Parameter Name="runs.enableClusterConf" Val="true" Type="bool"/>
		<Parameter Name="general.shortenLongPath" Val="true" Type="bool"/>
	</Parameters>
	<ProductInfo Name="vivado"/>
</Runs>

